week,post_date,handle,region,country,sku,hashtags,text
2026-W38,2026-09-14,buildmitben,DACH,DE,4060,#BudgetBuild #Refurbished,Warranty vs P2P is the real value. gebraucht GPU still fine.
2026-W38,2026-09-15,buildmitben,DACH,DE,4060,#BudgetBuild #RTX4060,pelikone under 700e with used 4060 looks honest.
2026-W39,2026-09-21,dezgamez,DACH,DE,5090,#RTX5090 #AMD,Maybe wait for price. Flagship is overpriced for a sim.
2026-W39,2026-09-22,dezgamez,DACH,DE,5090,#RTX5090,Scam sponsor energy. Mining cards everywhere.
2026-W39,2026-09-21,rigdoctor,DACH,DE,4070,#AMD #BudgetBuild,Preis-Leistung 4070 review was useful.
2026-W38,2026-09-16,pixelpreis,DACH,DE,budget-gpu,#BudgetBuild,Cheap vs new — refurbished with warranty wins.
2026-W37,2026-09-09,gebrauchtgpu,DACH,DE,4070,#Refurbished,Second-hand 4070 if the seller shows hours.
2026-W38,2026-09-14,megavibes,OTHER,US,,#Lifestyle,Airport outfit day.
2026-W38,2026-09-14,megavibes,OTHER,US,,#Cyberpunk2077,Night city fashion. Streetwear only.
2026-W38,2026-09-16,buildmitben,DACH,DE,4060,#RTX4060 #Cyberpunk2077,4060 holds 60fps in Cyberpunk. Warranty still the point.
