week,region,country,sku,cpu,gpu,ram,ssd,units,price,campaign_window
2024-W01,DACH,DE,4060,120,80,90,70,80,310,0
2024-W02,DACH,DE,4060,118,82,88,72,82,308,0
2024-W03,DACH,DE,4060,122,79,91,69,79,312,0
2024-W04,DACH,DE,4060,119,81,87,71,81,309,0
2024-W05,DACH,DE,4060,121,83,89,73,83,307,0
2024-W06,DACH,DE,4060,125,84,90,70,84,305,0
2024-W07,DACH,DE,4060,210,190,140,120,190,279,1
2024-W08,DACH,DE,4060,205,185,138,118,185,281,1
2024-W09,DACH,DE,4060,198,178,135,115,178,284,1
2024-W10,DACH,DE,4060,124,86,92,74,86,304,0
2024-W11,DACH,DE,4060,123,85,90,72,85,306,0
2024-W12,DACH,DE,4060,126,88,93,75,88,303,0
2026-W29,DACH,DE,4060,120,80,90,70,80,310,0
2026-W30,DACH,DE,4060,118,82,88,72,82,308,0
2026-W31,DACH,DE,4060,122,79,91,69,79,312,0
2026-W32,DACH,DE,4060,119,81,87,71,81,309,0
2026-W33,DACH,DE,4060,121,83,89,73,83,307,0
2026-W34,DACH,DE,4060,125,84,90,70,84,305,0
2026-W35,DACH,DE,4060,124,86,92,74,86,304,0
2026-W36,DACH,DE,4060,210,190,140,120,190,279,1
2026-W37,DACH,DE,4060,205,185,138,118,185,281,1
2026-W38,DACH,DE,4060,198,178,135,115,178,284,1
2026-W39,DACH,DE,4060,202,182,136,116,182,282,1
2026-W29,DACH,DE,5090,90,20,70,60,20,1899,0
2026-W34,DACH,DE,5090,92,22,71,61,22,1870,0
2026-W38,DACH,DE,5090,140,48,95,80,48,1740,1
2026-W39,DACH,DE,5090,138,50,94,82,50,1725,1
2026-W36,NORDICS,FI,4060,70,36,50,40,36,299,1
2026-W38,NORDICS,FI,4060,72,38,51,41,38,297,1
2026-W32,NORDICS,FI,4060,55,18,40,30,18,318,0
2026-W38,DACH,DE,4070,160,96,110,90,96,399,1
2026-W33,DACH,DE,4070,100,44,80,70,44,429,0
