week,post_date,handle,region,country,sku,platform,category,tier,engagements,reach,views,attributed_sales
2026-W38,2026-09-14,buildmitben,DACH,DE,4060,youtube,gaming,micro,4800,60000,12000,40
2026-W38,2026-09-15,buildmitben,DACH,DE,4060,youtube,gaming,micro,7200,80000,14000,45
2026-W39,2026-09-21,rigdoctor,DACH,DE,4070,youtube,gaming,mid,9000,200000,45000,23
2026-W36,2026-09-01,buildmitben,DACH,DE,4060,youtube,gaming,micro,3600,40000,90000,45
2026-W38,2026-09-16,pixelpreis,DACH,DE,budget-gpu,tiktok,gaming,nano,11000,90000,18000,61
2026-W39,2026-09-22,pixelpreis,DACH,DE,4060,tiktok,gaming,micro,8000,70000,16000,57
2026-W38,2026-09-14,pelikonefi,NORDICS,FI,4060,instagram,gaming,micro,2500,50000,8000,25
2026-W36,2026-09-02,rigdoctor,DACH,DE,4070,youtube,tech,micro,2000,70000,22000,14
2026-W34,2026-08-18,dezgamez,DACH,DE,5090,youtube,tech,mid,3500,180000,60000,10
2026-W38,2026-09-15,pelikonefi,NORDICS,FI,4060,youtube,tech,micro,1500,40000,11000,19
2026-W33,2026-08-12,dezgamez,DACH,DE,5090,instagram,tech,micro,900,35000,7000,13
2026-W39,2026-09-21,buildmitben,DACH,DE,4060,youtube,gaming,micro,6000,75000,13000,40
2026-W39,2026-09-23,dezgamez,DACH,DE,5090,tiktok,gaming,mid,14000,250000,55000,28
2026-W32,2026-08-04,dezgamez,DACH,DE,5090,youtube,tech,mid,4000,220000,80000,9
2026-W38,2026-09-17,konekaveri,NORDICS,FI,4060,youtube,gaming,nano,2000,25000,6000,40
2026-W37,2026-09-08,pelikonefi,NORDICS,FI,budget-gpu,instagram,gaming,nano,1800,30000,5000,30
2026-W35,2026-08-25,rigdoctor,DACH,DE,4070,youtube,tech,nano,800,20000,9000,20
2026-W36,2026-09-03,gebrauchtgpu,DACH,DE,4070,tiktok,tech,micro,2200,60000,20000,18
2026-W39,2026-09-22,rigdoctor,DACH,DE,4070,youtube,gaming,mid,10000,210000,48000,24
2026-W31,2026-07-28,dezgamez,DACH,DE,5090,instagram,tech,mid,1600,150000,40000,5
2026-W38,2026-09-16,buildmitben,DACH,DE,4060,youtube,gaming,micro,5500,65000,12500,42
2026-W39,2026-09-24,pixelpreis,DACH,DE,budget-gpu,tiktok,gaming,micro,9500,85000,17000,56
2026-W37,2026-09-09,gebrauchtgpu,DACH,DE,4070,youtube,tech,micro,1800,55000,15000,16
2026-W38,2026-09-18,konekaveri,NORDICS,FI,4060,instagram,gaming,micro,3000,55000,9000,27
2026-W38,2026-09-14,megavibes,OTHER,US,,youtube,lifestyle,macro,120,2100000,2000000,0
